SK_ID_CURR,NAME_CONTRACT_TYPE,FLAG_OWN_CAR,FLAG_OWN_REALTY,CNT_CHILDREN,AMT_INCOME_TOTAL,AMT_CREDIT,AMT_ANNUITY,AMT_GOODS_PRICE,REGION_POPULATION_RELATIVE,DAYS_BIRTH,DAYS_EMPLOYED,DAYS_REGISTRATION,DAYS_ID_PUBLISH,OWN_CAR_AGE,FLAG_MOBIL,FLAG_EMP_PHONE,FLAG_WORK_PHONE,FLAG_CONT_MOBILE,FLAG_PHONE,FLAG_EMAIL,CNT_FAM_MEMBERS,REGION_RATING_CLIENT,REGION_RATING_CLIENT_W_CITY,HOUR_APPR_PROCESS_START,REG_REGION_NOT_LIVE_REGION,REG_REGION_NOT_WORK_REGION,LIVE_REGION_NOT_WORK_REGION,REG_CITY_NOT_LIVE_CITY,REG_CITY_NOT_WORK_CITY,LIVE_CITY_NOT_WORK_CITY,EXT_SOURCE_1,EXT_SOURCE_2,EXT_SOURCE_3,APARTMENTS_AVG,BASEMENTAREA_AVG,YEARS_BEGINEXPLUATATION_AVG,YEARS_BUILD_AVG,COMMONAREA_AVG,ELEVATORS_AVG,ENTRANCES_AVG,FLOORSMAX_AVG,FLOORSMIN_AVG,LANDAREA_AVG,LIVINGAPARTMENTS_AVG,LIVINGAREA_AVG,NONLIVINGAPARTMENTS_AVG,NONLIVINGAREA_AVG,APARTMENTS_MODE,BASEMENTAREA_MODE,YEARS_BEGINEXPLUATATION_MODE,YEARS_BUILD_MODE,COMMONAREA_MODE,ELEVATORS_MODE,ENTRANCES_MODE,FLOORSMAX_MODE,FLOORSMIN_MODE,LANDAREA_MODE,LIVINGAPARTMENTS_MODE,LIVINGAREA_MODE,NONLIVINGAPARTMENTS_MODE,NONLIVINGAREA_MODE,APARTMENTS_MEDI,BASEMENTAREA_MEDI,YEARS_BEGINEXPLUATATION_MEDI,YEARS_BUILD_MEDI,COMMONAREA_MEDI,ELEVATORS_MEDI,ENTRANCES_MEDI,FLOORSMAX_MEDI,FLOORSMIN_MEDI,LANDAREA_MEDI,LIVINGAPARTMENTS_MEDI,LIVINGAREA_MEDI,NONLIVINGAPARTMENTS_MEDI,NONLIVINGAREA_MEDI,TOTALAREA_MODE,OBS_30_CNT_SOCIAL_CIRCLE,DEF_30_CNT_SOCIAL_CIRCLE,OBS_60_CNT_SOCIAL_CIRCLE,DEF_60_CNT_SOCIAL_CIRCLE,DAYS_LAST_PHONE_CHANGE,FLAG_DOCUMENT_2,FLAG_DOCUMENT_3,FLAG_DOCUMENT_4,FLAG_DOCUMENT_5,FLAG_DOCUMENT_6,FLAG_DOCUMENT_7,FLAG_DOCUMENT_8,FLAG_DOCUMENT_9,FLAG_DOCUMENT_10,FLAG_DOCUMENT_11,FLAG_DOCUMENT_12,FLAG_DOCUMENT_13,FLAG_DOCUMENT_14,FLAG_DOCUMENT_15,FLAG_DOCUMENT_16,FLAG_DOCUMENT_17,FLAG_DOCUMENT_18,FLAG_DOCUMENT_19,FLAG_DOCUMENT_20,FLAG_DOCUMENT_21,AMT_REQ_CREDIT_BUREAU_HOUR,AMT_REQ_CREDIT_BUREAU_DAY,AMT_REQ_CREDIT_BUREAU_WEEK,AMT_REQ_CREDIT_BUREAU_MON,AMT_REQ_CREDIT_BUREAU_QRT,AMT_REQ_CREDIT_BUREAU_YEAR,CODE_GENDER_F,CODE_GENDER_M,NAME_TYPE_SUITE_Children,NAME_TYPE_SUITE_Family,NAME_TYPE_SUITE_Group of people,NAME_TYPE_SUITE_Other_A,NAME_TYPE_SUITE_Other_B,"NAME_TYPE_SUITE_Spouse, partner",NAME_TYPE_SUITE_Unaccompanied,NAME_INCOME_TYPE_Businessman,NAME_INCOME_TYPE_Commercial associate,NAME_INCOME_TYPE_Pensioner,NAME_INCOME_TYPE_State servant,NAME_INCOME_TYPE_Student,NAME_INCOME_TYPE_Unemployed,NAME_INCOME_TYPE_Working,NAME_EDUCATION_TYPE_Academic degree,NAME_EDUCATION_TYPE_Higher education,NAME_EDUCATION_TYPE_Incomplete higher,NAME_EDUCATION_TYPE_Lower secondary,NAME_EDUCATION_TYPE_Secondary / secondary special,NAME_FAMILY_STATUS_Civil marriage,NAME_FAMILY_STATUS_Married,NAME_FAMILY_STATUS_Separated,NAME_FAMILY_STATUS_Single / not married,NAME_FAMILY_STATUS_Widow,NAME_HOUSING_TYPE_Co-op apartment,NAME_HOUSING_TYPE_House / apartment,NAME_HOUSING_TYPE_Municipal apartment,NAME_HOUSING_TYPE_Office apartment,NAME_HOUSING_TYPE_Rented apartment,NAME_HOUSING_TYPE_With parents,OCCUPATION_TYPE_Accountants,OCCUPATION_TYPE_Cleaning staff,OCCUPATION_TYPE_Cooking staff,OCCUPATION_TYPE_Core staff,OCCUPATION_TYPE_Drivers,OCCUPATION_TYPE_HR staff,OCCUPATION_TYPE_High skill tech staff,OCCUPATION_TYPE_IT staff,OCCUPATION_TYPE_Laborers,OCCUPATION_TYPE_Low-skill Laborers,OCCUPATION_TYPE_Managers,OCCUPATION_TYPE_Medicine staff,OCCUPATION_TYPE_Private service staff,OCCUPATION_TYPE_Realty agents,OCCUPATION_TYPE_Sales staff,OCCUPATION_TYPE_Secretaries,OCCUPATION_TYPE_Security staff,OCCUPATION_TYPE_Waiters/barmen staff,WEEKDAY_APPR_PROCESS_START_FRIDAY,WEEKDAY_APPR_PROCESS_START_MONDAY,WEEKDAY_APPR_PROCESS_START_SATURDAY,WEEKDAY_APPR_PROCESS_START_SUNDAY,WEEKDAY_APPR_PROCESS_START_THURSDAY,WEEKDAY_APPR_PROCESS_START_TUESDAY,WEEKDAY_APPR_PROCESS_START_WEDNESDAY,ORGANIZATION_TYPE_Advertising,ORGANIZATION_TYPE_Agriculture,ORGANIZATION_TYPE_Bank,ORGANIZATION_TYPE_Business Entity Type 1,ORGANIZATION_TYPE_Business Entity Type 2,ORGANIZATION_TYPE_Business Entity Type 3,ORGANIZATION_TYPE_Cleaning,ORGANIZATION_TYPE_Construction,ORGANIZATION_TYPE_Culture,ORGANIZATION_TYPE_Electricity,ORGANIZATION_TYPE_Emergency,ORGANIZATION_TYPE_Government,ORGANIZATION_TYPE_Hotel,ORGANIZATION_TYPE_Housing,ORGANIZATION_TYPE_Industry: type 1,ORGANIZATION_TYPE_Industry: type 10,ORGANIZATION_TYPE_Industry: type 11,ORGANIZATION_TYPE_Industry: type 12,ORGANIZATION_TYPE_Industry: type 13,ORGANIZATION_TYPE_Industry: type 2,ORGANIZATION_TYPE_Industry: type 3,ORGANIZATION_TYPE_Industry: type 4,ORGANIZATION_TYPE_Industry: type 5,ORGANIZATION_TYPE_Industry: type 6,ORGANIZATION_TYPE_Industry: type 7,ORGANIZATION_TYPE_Industry: type 8,ORGANIZATION_TYPE_Industry: type 9,ORGANIZATION_TYPE_Insurance,ORGANIZATION_TYPE_Kindergarten,ORGANIZATION_TYPE_Legal Services,ORGANIZATION_TYPE_Medicine,ORGANIZATION_TYPE_Military,ORGANIZATION_TYPE_Mobile,ORGANIZATION_TYPE_Other,ORGANIZATION_TYPE_Police,ORGANIZATION_TYPE_Postal,ORGANIZATION_TYPE_Realtor,ORGANIZATION_TYPE_Religion,ORGANIZATION_TYPE_Restaurant,ORGANIZATION_TYPE_School,ORGANIZATION_TYPE_Security,ORGANIZATION_TYPE_Security Ministries,ORGANIZATION_TYPE_Self-employed,ORGANIZATION_TYPE_Services,ORGANIZATION_TYPE_Telecom,ORGANIZATION_TYPE_Trade: type 1,ORGANIZATION_TYPE_Trade: type 2,ORGANIZATION_TYPE_Trade: type 3,ORGANIZATION_TYPE_Trade: type 4,ORGANIZATION_TYPE_Trade: type 5,ORGANIZATION_TYPE_Trade: type 6,ORGANIZATION_TYPE_Trade: type 7,ORGANIZATION_TYPE_Transport: type 1,ORGANIZATION_TYPE_Transport: type 2,ORGANIZATION_TYPE_Transport: type 3,ORGANIZATION_TYPE_Transport: type 4,ORGANIZATION_TYPE_University,ORGANIZATION_TYPE_XNA,FONDKAPREMONT_MODE_not specified,FONDKAPREMONT_MODE_org spec account,FONDKAPREMONT_MODE_reg oper account,FONDKAPREMONT_MODE_reg oper spec account,HOUSETYPE_MODE_block of flats,HOUSETYPE_MODE_specific housing,HOUSETYPE_MODE_terraced house,WALLSMATERIAL_MODE_Block,WALLSMATERIAL_MODE_Mixed,WALLSMATERIAL_MODE_Monolithic,WALLSMATERIAL_MODE_Others,WALLSMATERIAL_MODE_Panel,"WALLSMATERIAL_MODE_Stone, brick",WALLSMATERIAL_MODE_Wooden,EMERGENCYSTATE_MODE_No,EMERGENCYSTATE_MODE_Yes,TARGET,DAYS_EMPLOYED_ANOM
310536,0,0,0,2,90000.0,227520.0,13189.5,180000.0,0.00823,12298,-946.0,-6378.0,-4670,,1,1,0,1,0,0,4.0,2,2,10,0,0,0,0,0,0,0.38458200387368,0.2895727653642738,0.622922000268356,0.2227,0.1613,0.9851,0.7959999999999999,0.0736,0.32,0.2759,0.3333,0.375,0.065,0.1816,0.2281,0.0,0.0,0.2269,0.1673,0.9851,0.804,0.0742,0.3222,0.2759,0.3333,0.375,0.0665,0.1983,0.2377,0.0,0.0,0.2248,0.1613,0.9851,0.7987,0.074,0.32,0.2759,0.3333,0.375,0.0661,0.1847,0.2322,0.0,0.0,0.2197,0.0,0.0,0.0,0.0,0.0,0,1,0,0,0,0,0,0,0,0,0,0,0,0,0,0,0,0,0,0,0.0,0.0,0.0,0.0,1.0,1.0,True,False,False,False,False,False,False,False,True,False,True,False,False,False,False,False,False,True,False,False,False,False,True,False,False,False,False,True,False,False,False,False,False,False,False,False,False,False,False,False,True,False,False,False,False,False,False,False,False,False,False,False,False,False,False,False,True,False,False,False,False,True,False,False,False,False,False,False,False,False,False,False,False,False,False,False,False,False,False,False,False,False,False,False,False,False,False,False,False,False,False,False,False,False,False,False,False,False,False,False,False,False,False,False,False,False,False,False,False,False,False,False,False,False,False,False,False,True,False,True,False,False,False,False,False,False,True,False,False,True,False,0,False
365516,0,1,1,0,90000.0,161730.0,13095.0,135000.0,0.003069,15375,-92.0,-1292.0,-1994,23.0,1,1,0,1,0,0,2.0,3,3,13,0,0,0,0,1,1,,0.5142611450030571,,,,,,,,,,,,,,,,,,,,,,,,,,,,,,,,,,,,,,,,,,,,,2.0,0.0,2.0,0.0,-509.0,0,1,0,0,0,0,0,0,0,0,0,0,0,0,0,0,0,0,0,0,,,,,,,False,True,False,False,False,False,False,False,True,False,True,False,False,False,False,False,False,False,False,False,True,False,True,False,False,False,False,True,False,False,False,False,False,False,False,False,True,False,False,False,False,False,False,False,False,False,False,False,False,False,False,False,False,False,False,True,False,False,False,False,False,False,False,False,False,False,False,False,False,False,False,False,False,False,False,False,False,False,False,False,False,False,False,False,False,False,False,False,False,False,True,False,False,False,False,False,False,False,False,False,False,False,False,False,False,False,False,False,False,False,False,False,False,False,False,False,False,False,False,False,False,False,False,False,False,False,False,False,False,False,False,0,False
242055,0,0,1,0,135000.0,728847.0,26307.0,553500.0,0.020713,19307,-1646.0,-7951.0,-2842,,1,1,0,1,1,0,1.0,3,2,5,0,0,0,0,0,0,,0.4869061961268434,0.5989262182569273,0.1485,0.1124,0.9891,0.8504,0.0383,0.16,0.1379,0.375,0.4167,0.3064,0.121,0.1614,0.0,0.0,0.1513,0.1166,0.9891,0.8563,0.0387,0.1611,0.1379,0.375,0.4167,0.3133,0.1322,0.1681,0.0,0.0,0.1499,0.1124,0.9891,0.8524,0.0386,0.16,0.1379,0.375,0.4167,0.3117,0.1231,0.1643,0.0,0.0,0.1269,1.0,0.0,1.0,0.0,-1474.0,0,1,0,0,0,0,0,0,0,0,0,0,0,0,0,0,0,0,0,0,0.0,0.0,2.0,0.0,0.0,2.0,False,True,False,False,False,False,False,True,False,False,False,False,False,False,False,True,False,False,False,False,True,False,False,False,True,False,False,True,False,False,False,False,False,False,False,False,False,False,False,False,True,False,False,False,False,False,False,False,False,False,False,False,False,False,False,True,False,False,False,False,False,False,True,False,False,False,False,False,False,False,False,False,False,False,False,False,False,False,False,False,False,False,False,False,False,False,False,False,False,False,False,False,False,False,False,False,False,False,False,False,False,False,False,False,False,False,False,False,False,False,False,False,False,False,False,False,False,False,True,True,False,False,False,False,False,False,True,False,False,True,False,1,False
454894,0,0,0,0,135000.0,474183.0,34636.5,391500.0,0.011703,17791,-1651.0,-1033.0,-1345,,1,1,0,1,1,0,1.0,2,2,10,0,0,0,0,0,0,,0.6757048421402819,0.4543210601605785,0.0082,0.0263,0.9682,,,0.0,0.0345,0.0417,,0.0151,,0.0083,,0.0,0.0084,0.0273,0.9682,,,0.0,0.0345,0.0417,,0.0155,,0.0086,,0.0,0.0083,0.0263,0.9682,,,0.0,0.0345,0.0417,,0.0154,,0.0084,,0.0,0.0065,2.0,0.0,2.0,0.0,-2016.0,0,1,0,0,0,0,0,0,0,0,0,0,0,0,0,0,0,0,0,0,0.0,0.0,0.0,0.0,0.0,4.0,False,True,False,False,False,False,False,False,True,False,True,False,False,False,False,False,False,False,False,False,True,False,False,False,True,False,False,True,False,False,False,False,False,False,False,False,False,False,False,False,True,False,False,False,False,False,False,False,False,False,False,False,False,False,False,True,False,False,False,False,False,False,True,False,False,False,False,False,False,False,False,False,False,False,False,False,False,False,False,False,False,False,False,False,False,False,False,False,False,False,False,False,False,False,False,False,False,False,False,False,False,False,False,False,False,False,False,False,False,False,False,False,False,False,False,False,False,False,False,True,False,False,True,False,False,False,False,False,False,True,False,1,False
448321,0,0,1,0,180000.0,254700.0,27558.0,225000.0,0.006629,8486,-977.0,-2873.0,-852,,1,1,0,1,0,0,1.0,2,2,5,0,0,0,0,0,0,,0.1545652281584149,,,,,,,,,,,,,,,,,,,,,,,,,,,,,,,,,,,,,,,,,,,,,0.0,0.0,0.0,0.0,-695.0,0,1,0,0,0,0,0,0,0,0,0,0,0,0,0,0,0,0,0,0,,,,,,,True,False,False,False,False,False,False,False,True,False,True,False,False,False,False,False,False,False,True,False,False,False,False,False,True,False,False,True,False,False,False,False,True,False,False,False,False,False,False,False,False,False,False,False,False,False,False,False,False,False,False,True,False,False,False,False,False,False,False,False,False,False,False,False,False,False,False,False,False,False,False,False,False,False,False,False,False,False,False,False,False,False,False,False,False,False,False,False,False,False,False,False,False,False,False,True,False,False,False,False,False,False,False,False,False,False,False,False,False,False,False,False,False,False,False,False,False,False,False,False,False,False,False,False,False,False,False,False,False,False,False,0,False
333032,1,0,1,0,74250.0,225000.0,11250.0,225000.0,0.031329,22373,,-10391.0,-4138,,1,0,0,1,1,0,2.0,2,2,13,0,0,0,0,0,0,,0.627826839482302,0.6430255641096323,0.1979,0.1067,0.9861,0.8096,0.0521,0.16,0.069,0.4583,0.5,0.0914,0.1614,0.1701,0.0,0.0,0.2017,0.1107,0.9861,0.8171,0.0525,0.1611,0.069,0.4583,0.5,0.0935,0.1763,0.1772,0.0,0.0,0.1999,0.1067,0.9861,0.8121,0.0524,0.16,0.069,0.4583,0.5,0.093,0.1642,0.1731,0.0,0.0,0.1338,5.0,0.0,5.0,0.0,-399.0,0,0,0,0,0,0,0,0,0,0,0,0,0,0,0,0,0,0,0,0,0.0,0.0,0.0,3.0,1.0,2.0,True,False,False,False,False,False,False,False,True,False,False,True,False,False,False,False,False,True,False,False,False,False,True,False,False,False,False,True,False,False,False,False,False,False,False,False,False,False,False,False,False,False,False,False,False,False,False,False,False,False,False,False,False,False,True,False,False,False,False,False,False,False,False,False,False,False,False,False,False,False,False,False,False,False,False,False,False,False,False,False,False,False,False,False,False,False,False,False,False,False,False,False,False,False,False,False,False,False,False,False,False,False,False,False,False,False,False,False,False,False,False,False,False,False,True,False,False,True,False,True,False,False,False,False,False,False,True,False,False,True,False,0,True
200322,0,1,0,1,157500.0,360000.0,13842.0,360000.0,0.0196889999999999,14763,-2285.0,-756.0,-4328,4.0,1,1,0,1,0,0,3.0,2,2,15,0,0,0,0,0,0,,0.6417316507636472,0.2636468134452008,0.0804,0.0806,0.9747,,,,0.1379,0.1667,,0.0145,,0.0619,,0.0031,0.0819,0.0837,0.9747,,,,0.1379,0.1667,,0.0148,,0.0645,,0.0033,0.0812,0.0806,0.9747,,,,0.1379,0.1667,,0.0147,,0.063,,0.0032,0.0494,2.0,1.0,2.0,1.0,-429.0,0,1,0,0,0,0,0,0,0,0,0,1,0,0,0,0,0,0,0,0,0.0,0.0,0.0,0.0,0.0,0.0,False,True,False,False,False,False,False,False,True,False,False,False,False,False,False,True,False,False,False,False,True,True,False,False,False,False,False,True,False,False,False,False,False,False,False,False,True,False,False,False,False,False,False,False,False,False,False,False,False,False,False,False,False,False,False,True,False,False,False,False,False,False,False,False,False,False,False,False,False,False,False,False,False,False,False,False,False,False,False,False,False,False,False,False,False,False,False,False,False,False,False,False,False,False,False,False,False,False,False,False,False,False,False,False,False,False,False,False,False,False,False,True,False,False,False,False,False,False,False,True,False,False,False,False,False,False,False,True,False,True,False,0,False
360927,0,0,1,1,202500.0,1350189.0,39609.0,1179000.0,0.018634,13257,-1432.0,-11130.0,-4177,,1,1,0,1,0,0,3.0,2,2,16,0,0,0,1,0,1,0.5597189961424922,0.5487858251195121,,,,,,,,,,,,,,,,,,,,,,,,,,,,,,,,,,,,,,,,,,,,,0.0,0.0,0.0,0.0,-136.0,0,1,0,0,0,0,0,0,0,0,0,0,0,0,0,0,0,0,0,0,,,,,,,True,False,False,False,False,False,False,False,True,False,True,False,False,False,False,False,False,False,False,False,True,False,True,False,False,False,False,True,False,False,False,False,False,False,False,False,False,False,False,False,False,False,False,False,False,False,True,False,False,False,False,False,False,False,False,True,False,False,False,False,False,False,False,False,False,False,False,False,False,False,False,False,False,False,False,False,False,False,False,False,False,False,False,False,False,False,False,False,False,False,False,False,False,False,False,False,False,False,False,True,False,False,False,False,False,False,False,False,False,False,False,False,False,False,False,False,False,False,False,False,False,False,False,False,False,False,False,False,False,False,False,0,False
149698,0,0,0,1,81000.0,225000.0,10953.0,225000.0,0.026392,9940,-1380.0,-1478.0,-2614,,1,1,1,1,1,0,3.0,2,2,15,0,0,0,0,0,0,0.1589596617846179,0.6399247330317751,0.4382813743111921,0.1433,,0.9925,,,0.16,0.1379,0.3333,,,,0.1493,,0.0274,0.146,,0.9926,,,0.1611,0.1379,0.3333,,,,0.1555,,0.029,0.1447,,0.9925,,,0.16,0.1379,0.3333,,,,0.152,,0.028,0.1234,0.0,0.0,0.0,0.0,-648.0,0,1,0,0,0,0,0,0,0,0,0,0,0,0,0,0,0,0,0,0,0.0,0.0,0.0,1.0,0.0,0.0,True,False,False,False,False,False,False,False,True,False,True,False,False,False,False,False,False,False,False,False,True,True,False,False,False,False,False,True,False,False,False,False,False,False,False,False,False,False,False,False,False,False,False,False,False,False,True,False,False,False,True,False,False,False,False,False,False,False,False,False,False,False,False,False,False,False,False,False,False,False,False,False,False,False,False,False,False,False,False,False,False,False,False,False,False,False,False,False,False,False,True,False,False,False,False,False,False,False,False,False,False,False,False,False,False,False,False,False,False,False,False,False,False,False,False,False,False,False,False,True,False,False,False,False,False,False,True,False,False,True,False,0,False
378855,1,1,1,0,112500.0,135000.0,6750.0,135000.0,0.025164,21332,-140.0,-1042.0,-4876,13.0,1,1,0,1,0,0,2.0,2,2,9,0,0,0,0,1,1,,0.3280761462759954,0.6380435278721609,,,,,,,,,,,,,,,,,,,,,,,,,,,,,,,,,,,,,,,,,,,,0.0,0.0,0.0,0.0,-1236.0,0,0,0,0,0,0,0,0,0,0,0,0,0,0,0,0,0,0,0,0,0.0,0.0,0.0,0.0,0.0,6.0,False,True,False,False,False,False,False,True,False,False,True,False,False,False,False,False,False,False,False,False,True,False,True,False,False,False,False,True,False,False,False,False,False,False,False,False,False,False,True,False,False,False,False,False,False,False,False,False,False,False,False,False,False,False,False,True,False,False,True,False,False,False,False,False,False,False,False,False,False,False,False,False,False,False,False,False,False,False,False,False,False,False,False,False,False,False,False,False,False,False,False,False,False,False,False,False,False,False,False,False,False,False,False,False,False,False,False,False,False,False,False,False,False,False,False,False,False,False,False,False,False,False,False,False,False,False,False,False,False,False,False,0,False
324606,0,0,1,0,180000.0,891072.0,45625.5,720000.0,0.010643,9970,-119.0,-2901.0,-2076,,1,1,0,1,0,0,2.0,2,2,14,0,0,0,1,1,0,0.0343342445898113,0.6940223764903689,,,,,,,,,,,,,,,,,,,,,,,,,,,,,,,,,,,,,,,,,,,,,2.0,1.0,2.0,1.0,-948.0,0,1,0,0,0,0,0,0,0,0,0,0,0,0,0,0,0,0,0,0,0.0,0.0,0.0,0.0,0.0,1.0,False,True,False,False,False,False,False,True,False,False,False,False,False,False,False,True,False,False,False,False,True,False,True,False,False,False,False,True,False,False,False,False,False,False,False,False,False,False,False,False,False,False,False,False,False,False,False,False,False,False,False,False,True,False,False,False,False,False,False,False,False,False,False,False,False,False,False,False,True,False,False,False,False,False,False,False,False,False,False,False,False,False,False,False,False,False,False,False,False,False,False,False,False,False,False,False,False,False,False,False,False,False,False,False,False,False,False,False,False,False,False,False,False,False,False,False,False,False,False,False,False,False,False,False,False,False,False,False,False,False,False,0,False
321079,0,1,1,2,135000.0,584766.0,24903.0,472500.0,0.00712,13264,-3655.0,-4529.0,-4649,8.0,1,1,0,1,0,0,4.0,2,2,12,0,0,0,0,0,0,0.5167783302643085,0.3292389467340963,,,,,,,,,,,,,,,,,,,,,,,,,,,,,,,,,,,,,,,,,,,,,2.0,0.0,2.0,0.0,-348.0,0,1,0,0,0,0,0,0,0,0,0,0,0,0,0,0,0,0,0,0,0.0,0.0,0.0,0.0,1.0,5.0,False,True,False,False,False,False,False,False,True,False,True,False,False,False,False,False,False,True,False,False,False,False,True,False,False,False,False,True,False,False,False,False,False,False,False,False,True,False,False,False,False,False,False,False,False,False,False,False,False,False,False,False,False,False,False,True,False,False,False,False,False,False,False,False,False,False,False,False,False,False,False,False,False,False,False,False,False,False,False,False,False,False,False,False,False,False,False,False,False,False,False,False,False,False,False,False,False,False,False,True,False,False,False,False,False,False,False,False,False,False,False,False,False,False,False,False,False,False,False,False,False,False,False,False,False,False,False,False,False,False,False,0,False
414014,0,1,0,0,225000.0,1886850.0,49905.0,1575000.0,0.018634,14319,-426.0,-3623.0,-1718,6.0,1,1,0,1,0,0,2.0,2,2,11,0,0,0,0,0,0,0.7034538696079261,0.6080413930588995,0.7421816117614419,,,,,,,,,,,,,,,,,,,,,,,,,,,,,,,,,,,,,,,,,,,,0.0,0.0,0.0,0.0,-633.0,0,1,0,0,0,0,0,0,0,0,0,0,0,0,0,0,0,0,0,0,0.0,0.0,0.0,0.0,0.0,0.0,False,True,False,False,False,False,False,False,True,False,True,False,False,False,False,False,False,True,False,False,False,False,True,False,False,False,False,True,False,False,False,False,False,False,False,False,False,False,True,False,False,False,False,False,False,False,False,False,False,False,False,False,False,False,True,False,False,False,False,False,False,False,False,False,False,False,False,False,False,False,False,False,False,False,False,False,False,True,False,False,False,False,False,False,False,False,False,False,False,False,False,False,False,False,False,False,False,False,False,False,False,False,False,False,False,False,False,False,False,False,False,False,False,False,False,False,False,False,False,False,False,False,False,False,False,False,False,False,False,False,False,0,False
213156,0,0,1,0,315000.0,933030.0,33642.0,787500.0,0.010147,18646,-7686.0,-9804.0,-2197,,1,1,0,1,1,1,2.0,2,2,15,0,0,0,0,0,0,0.4609324189790337,0.7229455192120475,0.5762088360175724,0.0361,,0.9747,0.6532,,0.0,0.069,0.125,0.1667,,,0.0252,,,0.0368,,0.9747,0.6668,,0.0,0.069,0.125,0.1667,,,0.0263,,,0.0364,,0.9747,0.6578,,0.0,0.069,0.125,0.1667,,,0.0257,,,0.0198,0.0,0.0,0.0,0.0,-2958.0,0,1,0,0,0,0,0,0,0,0,0,0,0,0,0,0,0,0,0,0,0.0,0.0,0.0,0.0,0.0,0.0,True,False,False,False,False,False,False,False,True,False,False,False,True,False,False,False,False,False,False,False,True,True,False,False,False,False,False,False,True,False,False,False,False,False,False,False,False,False,False,False,False,False,False,True,False,False,False,False,False,False,False,False,False,False,False,True,False,False,False,False,False,False,False,False,False,False,False,False,False,False,False,False,False,False,False,False,False,False,False,False,False,False,False,False,False,False,False,True,False,False,False,False,False,False,False,False,False,False,False,False,False,False,False,False,False,False,False,False,False,False,False,False,False,False,False,False,False,True,False,True,False,False,False,False,False,False,False,True,False,True,False,0,False
428890,0,1,1,1,117000.0,219069.0,10669.5,148500.0,0.035792,13950,-4955.0,-2143.0,-4697,20.0,1,1,0,1,0,1,3.0,2,2,10,0,0,0,0,0,0,0.4917739764853701,0.6102488997889228,0.6940926425266661,,,,,,,,,,,,,,,,,,,,,,,,,,,,,,,,,,,,,,,,,,,,0.0,0.0,0.0,0.0,-2674.0,0,1,0,0,0,0,0,0,0,0,0,0,0,0,0,0,0,0,0,0,0.0,0.0,0.0,1.0,0.0,1.0,True,False,False,False,False,False,False,False,True,False,False,False,False,False,False,True,False,False,False,False,True,False,True,False,False,False,False,True,False,False,False,False,False,False,False,False,False,False,False,False,False,False,False,False,False,False,False,False,False,False,True,False,False,False,False,False,False,False,False,False,False,False,False,False,False,False,False,False,False,False,False,False,False,False,False,False,False,False,False,False,False,False,False,False,False,False,False,False,False,False,True,False,False,False,False,False,False,False,False,False,False,False,False,False,False,False,False,False,False,False,False,False,False,False,False,False,False,False,False,False,False,False,False,False,False,False,False,False,False,False,False,0,False
127633,0,1,1,0,225000.0,679896.0,52744.5,630000.0,0.04622,17126,-5768.0,-5525.0,-688,6.0,1,1,0,1,0,0,1.0,1,1,15,0,1,1,0,0,0,,0.7613517291838071,,0.101,0.0465,0.9846,0.7892,0.0303,0.08,0.0345,0.5417,0.5833,,0.0824,0.0918,0.0,0.0,0.1029,0.0483,0.9846,0.7975,0.0306,0.0806,0.0345,0.5417,0.5833,,0.09,0.0957,0.0,0.0,0.102,0.0465,0.9846,0.792,0.0305,0.08,0.0345,0.5417,0.5833,,0.0838,0.0935,0.0,0.0,0.0889,0.0,0.0,0.0,0.0,-1867.0,0,1,0,0,0,0,0,0,0,0,0,0,0,0,0,0,0,0,0,0,,,,,,,True,False,False,False,False,False,False,False,True,False,True,False,False,False,False,False,False,False,False,False,True,False,False,False,True,False,False,True,False,False,False,False,False,False,False,False,False,False,False,False,True,False,False,False,False,False,False,False,False,False,False,False,False,False,True,False,False,False,False,False,False,True,False,False,False,False,False,False,False,False,False,False,False,False,False,False,False,False,False,False,False,False,False,False,False,False,False,False,False,False,False,False,False,False,False,False,False,False,False,False,False,False,False,False,False,False,False,False,False,False,False,False,False,False,False,False,False,False,True,True,False,False,False,False,False,False,True,False,False,True,False,0,False
244153,0,1,1,0,135000.0,237024.0,10570.5,180000.0,0.00733,16962,-1605.0,-4572.0,-504,19.0,1,1,0,1,0,1,2.0,2,2,17,0,0,0,1,1,1,0.3708702039193129,0.5919519944744336,0.4507472818545589,,,,,,,,,,,,,,,,,,,,,,,,,,,,,,,,,,,,,,,,,,,,8.0,0.0,8.0,0.0,0.0,0,1,0,0,0,0,0,0,0,0,0,0,0,0,0,0,0,0,0,0,0.0,0.0,0.0,1.0,0.0,3.0,True,False,False,False,False,False,False,False,True,False,False,False,True,False,False,False,False,False,False,False,True,False,True,False,False,False,False,True,False,False,False,False,False,False,False,False,False,False,True,False,False,False,False,False,False,False,False,False,False,False,False,False,False,False,False,False,True,False,False,False,False,False,False,False,False,False,False,False,False,False,False,False,False,False,False,False,False,False,False,False,False,False,False,False,False,False,False,False,False,False,False,False,False,False,False,False,False,False,False,False,False,False,False,False,False,False,False,False,False,False,False,False,False,True,False,False,False,False,False,False,False,False,False,False,False,False,False,False,False,False,False,0,False
133035,0,1,1,1,103500.0,526491.0,29529.0,454500.0,0.035792,15413,-7377.0,-1170.0,-1783,6.0,1,1,0,1,0,0,3.0,2,2,11,0,0,0,0,1,1,,0.6731889034536185,0.7001838506835805,,,,,,,,,,,,,,,,,,,,,,,,,,,,,,,,,,,,,,,,,,,,1.0,0.0,1.0,0.0,-683.0,0,1,0,0,0,0,0,0,0,0,0,0,0,0,0,0,0,0,0,0,0.0,0.0,0.0,0.0,0.0,1.0,True,False,False,False,False,False,False,False,True,False,False,False,False,False,False,True,False,True,False,False,False,False,True,False,False,False,False,True,False,False,False,False,False,False,False,True,False,False,False,False,False,False,False,False,False,False,False,False,False,False,False,False,False,False,False,False,True,False,False,False,False,False,False,False,False,False,False,False,False,False,False,False,False,False,False,False,False,False,False,False,False,False,False,False,False,False,False,False,False,False,False,False,False,False,False,False,True,False,False,False,False,False,False,False,False,False,False,False,False,False,False,False,False,False,False,False,False,False,False,False,False,False,False,False,False,False,False,False,False,False,False,0,False
391796,0,0,1,1,81000.0,177903.0,12649.5,148500.0,0.00823,14053,-318.0,-4587.0,-4591,,1,1,0,1,0,0,2.0,2,2,12,0,0,0,0,0,0,,0.4374241287955937,,,,,,,,,,,,,,,,,,,,,,,,,,,,,,,,,,,,,,,,,,,,,0.0,0.0,0.0,0.0,-714.0,0,1,0,0,0,0,0,0,0,0,0,0,0,0,0,0,0,0,0,0,0.0,0.0,0.0,1.0,2.0,2.0,True,False,False,False,False,False,False,False,True,False,False,False,False,False,False,True,False,False,False,False,True,False,False,False,True,False,False,True,False,False,False,False,False,False,False,False,False,False,False,False,False,False,False,False,False,False,True,False,False,False,True,False,False,False,False,False,False,False,False,False,False,False,False,False,False,False,False,False,False,False,False,False,False,False,False,False,False,False,False,False,False,False,False,False,False,False,False,False,False,False,False,False,False,False,False,False,False,False,False,True,False,False,False,False,False,False,False,False,False,False,False,False,False,False,False,False,False,False,False,False,False,False,False,False,False,False,False,False,False,False,False,0,False
146268,0,1,1,2,387000.0,728460.0,53140.5,675000.0,0.006305,11285,-1616.0,-3012.0,-3671,21.0,1,1,0,1,0,0,4.0,3,3,4,0,0,0,0,0,0,0.2627852554176854,0.6685730524066269,,,,,,,,,,,,,,,,,,,,,,,,,,,,,,,,,,,,,,,,,,,,,2.0,0.0,2.0,0.0,-1509.0,0,1,0,0,0,0,0,0,0,0,0,0,0,0,0,0,0,0,0,0,,,,,,,False,True,False,False,False,False,False,False,True,False,False,False,False,False,False,True,False,True,False,False,False,False,True,False,False,False,False,True,False,False,False,False,False,False,False,False,False,False,False,False,True,False,False,False,False,False,False,False,False,False,False,False,False,False,True,False,False,False,False,False,False,False,False,False,False,False,False,False,False,False,False,False,False,False,False,False,False,False,False,False,False,False,False,False,False,False,False,False,False,False,False,False,False,False,False,False,False,False,False,False,False,False,False,False,False,False,False,False,False,False,False,False,True,False,False,False,False,False,False,False,False,False,False,False,False,False,False,False,False,True,False,0,False
234040,1,0,1,0,135000.0,180000.0,9000.0,180000.0,0.022625,7875,-452.0,-7852.0,-248,,1,1,0,1,0,0,2.0,2,2,9,0,0,0,0,0,0,0.3327009658050156,0.6360560722384354,,0.066,0.0762,0.9767,0.6804,0.0072,0.0,0.1379,0.1667,0.2083,0.0163,0.0496,0.0523,0.0193,0.0478,0.0672,0.0791,0.9767,0.6929,0.0073,0.0,0.1379,0.1667,0.2083,0.0166,0.0542,0.0545,0.0195,0.0506,0.0666,0.0762,0.9767,0.6847,0.0072,0.0,0.1379,0.1667,0.2083,0.0165,0.0504,0.0533,0.0194,0.0488,0.0515,1.0,0.0,1.0,0.0,-807.0,0,0,0,0,0,0,0,0,0,0,0,0,0,0,0,0,0,0,0,0,,,,,,,True,False,False,False,False,False,False,True,False,False,False,False,False,False,False,True,False,False,False,False,True,False,True,False,False,False,False,True,False,False,False,False,False,False,False,False,False,False,False,False,False,False,False,False,False,False,True,False,False,False,False,True,False,False,False,False,False,False,False,False,False,False,True,False,False,False,False,False,False,False,False,False,False,False,False,False,False,False,False,False,False,False,False,False,False,False,False,False,False,False,False,False,False,False,False,False,False,False,False,False,False,False,False,False,False,False,False,False,False,False,False,False,False,False,False,False,False,True,False,True,False,False,False,False,False,False,True,False,False,True,False,0,False
134201,0,0,0,0,112500.0,382500.0,30217.5,382500.0,0.035792,15194,-1531.0,-5532.0,-4336,,1,1,0,1,0,0,1.0,2,2,11,0,0,0,0,1,1,,0.3301716630634588,0.5442347412142162,,,,,,,,,,,,,,,,,,,,,,,,,,,,,,,,,,,,,,,,,,,,1.0,0.0,1.0,0.0,-235.0,0,1,0,0,0,0,0,0,0,0,0,0,0,0,0,0,0,0,0,0,0.0,0.0,0.0,0.0,0.0,1.0,True,False,False,False,False,False,False,False,True,False,False,False,False,False,False,True,False,False,False,False,True,False,False,True,False,False,False,True,False,False,False,False,False,False,False,False,False,False,False,False,False,False,False,False,False,False,False,False,True,False,True,False,False,False,False,False,False,False,False,False,False,False,False,False,False,False,False,False,False,False,False,False,False,False,False,False,False,False,False,False,False,False,False,False,False,False,False,False,False,False,False,False,False,False,False,False,False,True,False,False,False,False,False,False,False,False,False,False,False,False,False,False,False,False,False,False,False,False,False,False,False,False,False,False,False,False,False,False,False,False,False,0,False
143410,0,1,1,0,180000.0,360000.0,35068.5,360000.0,0.032561,16332,-1829.0,-3296.0,-3993,14.0,1,1,0,1,1,1,2.0,1,1,10,0,0,0,0,0,0,0.4077505177587751,0.1673316673105274,0.7407990879702335,,,0.9796,,,,,,,,,0.0552,,,,,0.9796,,,,,,,,,0.0575,,,,,0.9796,,,,,,,,,0.0562,,,0.0727,2.0,0.0,2.0,0.0,-3172.0,0,0,0,1,0,0,0,0,0,0,0,0,0,0,0,0,0,0,0,0,0.0,0.0,0.0,0.0,0.0,2.0,False,True,False,False,False,False,False,False,True,False,False,False,False,False,False,True,False,False,False,False,True,False,True,False,False,False,False,True,False,False,False,False,False,False,False,False,False,False,False,False,False,False,False,False,False,False,False,False,False,False,False,True,False,False,False,False,False,False,False,False,False,False,False,False,False,False,False,False,False,False,False,False,False,False,False,False,False,False,False,False,False,False,False,False,False,False,False,False,False,False,False,False,False,False,False,False,False,False,False,True,False,False,False,False,False,False,False,False,False,False,False,False,False,False,False,False,False,False,False,False,False,False,False,False,False,False,False,False,False,True,False,0,False
272323,0,1,0,0,202500.0,1080000.0,57672.0,1080000.0,0.032561,19016,-2390.0,-10444.0,-2366,3.0,1,1,1,1,1,0,2.0,1,1,12,0,0,0,0,0,0,,0.7820482790841764,0.6212263380626669,0.2557,0.1792,0.9771,,,0.2,0.1724,0.3333,,,,0.1369,,0.1515,0.2605,0.1859,0.9772,,,0.2014,0.1724,0.3333,,,,0.051,,0.1604,0.2581,0.1792,0.9771,,,0.2,0.1724,0.3333,,,,0.1393,,0.1547,0.2406,0.0,0.0,0.0,0.0,-523.0,0,0,0,0,0,0,1,0,0,0,0,0,0,0,0,0,0,0,0,0,0.0,0.0,0.0,0.0,0.0,0.0,False,True,False,False,False,False,False,False,True,False,True,False,False,False,False,False,False,True,False,False,False,False,True,False,False,False,False,True,False,False,False,False,False,False,False,False,False,False,False,False,False,False,True,False,False,False,False,False,False,False,False,False,False,True,False,False,False,False,False,False,False,False,False,False,False,False,True,False,False,False,False,False,False,False,False,False,False,False,False,False,False,False,False,False,False,False,False,False,False,False,False,False,False,False,False,False,False,False,False,False,False,False,False,False,False,False,False,False,False,False,False,False,False,False,False,False,False,False,False,True,False,False,False,False,False,False,False,True,False,True,False,0,False
405722,0,0,1,0,180000.0,669600.0,26685.0,598500.0,0.025164,23023,,-4037.0,-4525,,1,0,0,1,1,0,2.0,2,2,8,0,0,0,0,0,0,,0.5347806801049,0.7281412993111438,0.366,0.2028,0.9871,0.8232,0.1948,0.36,0.3103,0.375,0.4167,0.0,0.2933,0.1563,0.0232,0.0218,0.3729,0.2104,0.9871,0.8301,0.1966,0.3625,0.3103,0.375,0.4167,0.0,0.3205,0.1629,0.0233,0.023,0.3695,0.2028,0.9871,0.8256,0.196,0.36,0.3103,0.375,0.4167,0.0,0.2984,0.1591,0.0233,0.0222,0.2342,0.0,0.0,0.0,0.0,-697.0,0,0,0,0,1,0,0,0,0,0,0,0,0,0,0,0,0,0,0,0,0.0,0.0,0.0,0.0,2.0,3.0,True,False,False,False,False,False,False,False,True,False,False,True,False,False,False,False,False,False,False,False,True,False,True,False,False,False,False,True,False,False,False,False,False,False,False,False,False,False,False,False,False,False,False,False,False,False,False,False,False,False,False,True,False,False,False,False,False,False,False,False,False,False,False,False,False,False,False,False,False,False,False,False,False,False,False,False,False,False,False,False,False,False,False,False,False,False,False,False,False,False,False,False,False,False,False,False,False,False,False,False,False,False,False,False,False,False,False,False,False,False,False,False,False,False,True,False,False,True,False,True,False,False,False,False,False,False,True,False,False,True,False,0,True
423442,0,1,0,0,135000.0,171000.0,8446.5,171000.0,0.006296,12205,-351.0,-5136.0,-288,14.0,1,1,0,1,0,0,1.0,3,3,16,0,0,0,0,1,1,0.1953020948715324,0.3194728701645372,0.5919766183185521,,,,,,,,,,,,,,,,,,,,,,,,,,,,,,,,,,,,,,,,,,,,0.0,0.0,0.0,0.0,-85.0,0,1,0,0,0,0,0,0,0,0,0,0,0,0,0,0,0,0,0,0,0.0,0.0,0.0,0.0,2.0,1.0,False,True,False,False,False,False,False,False,True,False,False,False,False,False,False,True,False,True,False,False,False,False,False,False,True,False,False,True,False,False,False,False,False,False,False,False,True,False,False,False,False,False,False,False,False,False,False,False,False,False,False,False,False,False,False,False,True,False,False,False,False,False,False,False,False,False,False,False,True,False,False,False,False,False,False,False,False,False,False,False,False,False,False,False,False,False,False,False,False,False,False,False,False,False,False,False,False,False,False,False,False,False,False,False,False,False,False,False,False,False,False,False,False,False,False,False,False,False,False,False,False,False,False,False,False,False,False,False,False,False,False,0,False
225361,0,1,0,2,72000.0,562500.0,17185.5,562500.0,0.015221,10356,-1738.0,-6515.0,-2644,24.0,1,1,0,1,0,0,4.0,2,2,8,0,0,0,0,0,0,0.2437834779739189,0.6284704202195868,0.4382813743111921,,,,,,,,,,,,,,,,,,,,,,,,,,,,,,,,,,,,,,,,,,,,9.0,0.0,9.0,0.0,-300.0,0,1,0,0,0,0,0,0,0,0,0,0,0,0,0,0,1,0,0,0,0.0,0.0,0.0,0.0,0.0,2.0,True,False,False,False,False,False,False,True,False,False,False,False,False,False,False,True,False,False,False,False,True,False,True,False,False,False,False,True,False,False,False,False,False,False,False,False,False,False,False,False,False,False,False,False,False,False,False,False,True,False,False,True,False,False,False,False,False,False,False,False,False,False,False,False,False,False,False,False,False,False,False,False,False,False,False,False,False,True,False,False,False,False,False,False,False,False,False,False,False,False,False,False,False,False,False,False,False,False,False,False,False,False,False,False,False,False,False,False,False,False,False,False,False,False,False,False,False,False,False,False,False,False,False,False,False,False,False,False,False,False,False,0,False
234224,1,1,1,1,180000.0,270000.0,13500.0,270000.0,0.04622,12198,-4026.0,-880.0,-4458,7.0,1,1,1,1,1,0,3.0,1,1,14,0,1,1,0,1,1,,0.6874217861693647,0.7610263695502636,0.0619,0.0728,0.9891,0.8504,0.0102,0.0,0.1379,0.1667,0.2083,0.0,0.0504,0.0546,0.0,0.0,0.063,0.0755,0.9891,0.8563,0.0103,0.0,0.1379,0.1667,0.2083,0.0,0.0551,0.0568,0.0,0.0,0.0625,0.0728,0.9891,0.8524,0.0103,0.0,0.1379,0.1667,0.2083,0.0,0.0513,0.0555,0.0,0.0,0.0485,0.0,0.0,0.0,0.0,-1601.0,0,0,0,0,0,0,0,0,0,0,0,0,0,0,0,0,0,0,0,0,0.0,0.0,0.0,0.0,0.0,2.0,False,True,False,False,False,False,False,False,True,False,True,False,False,False,False,False,False,False,False,False,True,False,True,False,False,False,False,True,False,False,False,False,False,False,False,False,False,False,False,False,False,False,False,False,False,False,False,False,True,False,False,False,False,False,False,True,False,False,False,False,False,False,False,False,False,False,False,False,False,False,False,False,False,False,False,False,False,False,False,False,False,False,False,False,False,False,False,False,False,False,False,False,False,False,False,False,False,True,False,False,False,False,False,False,False,False,False,False,False,False,False,False,False,False,False,False,False,True,False,True,False,False,False,False,False,False,False,True,False,True,False,0,False
386206,0,0,1,0,315000.0,594081.0,30460.5,531000.0,0.032561,15537,-3951.0,-8074.0,-4006,,1,1,0,1,0,0,2.0,1,1,15,0,0,0,0,0,0,,0.4466033653954006,0.3979463219016906,,,0.9493,,,,,,,,,,,,,,0.9494,,,,,,,,,,,,,,0.9493,,,,,,,,,,,,0.0336,1.0,1.0,1.0,1.0,-209.0,0,1,0,0,0,0,0,0,0,0,0,0,0,0,0,0,0,0,0,0,0.0,0.0,0.0,0.0,0.0,3.0,False,True,False,False,False,False,False,False,True,False,True,False,False,False,False,False,False,False,False,False,True,False,True,False,False,False,False,True,False,False,False,False,False,False,False,False,False,False,False,False,True,False,False,False,False,False,False,False,False,False,False,False,False,False,True,False,False,False,False,False,False,True,False,False,False,False,False,False,False,False,False,False,False,False,False,False,False,False,False,False,False,False,False,False,False,False,False,False,False,False,False,False,False,False,False,False,False,False,False,False,False,False,False,False,False,False,False,False,False,False,False,False,False,False,False,False,False,False,False,True,False,False,False,False,False,False,False,False,False,True,False,1,False
100286,0,1,1,1,121500.0,263686.5,17298.0,238500.0,0.014464,17847,-448.0,-3595.0,-1381,21.0,1,1,0,1,0,0,3.0,2,2,5,0,0,0,0,0,0,,0.7109249275557172,,,,,,,,,,,,,,,,,,,,,,,,,,,,,,,,,,,,,,,,,,,,,1.0,0.0,1.0,0.0,-238.0,0,1,0,0,0,0,0,0,0,0,0,0,0,0,0,0,0,0,0,0,0.0,0.0,0.0,0.0,0.0,0.0,False,True,False,False,False,False,False,True,False,False,False,False,False,False,False,True,False,False,False,False,True,False,True,False,False,False,False,True,False,False,False,False,False,False,False,False,True,False,False,False,False,False,False,False,False,False,False,False,False,False,False,False,True,False,False,False,False,False,False,False,False,False,True,False,False,False,False,False,False,False,False,False,False,False,False,False,False,False,False,False,False,False,False,False,False,False,False,False,False,False,False,False,False,False,False,False,False,False,False,False,False,False,False,False,False,False,False,False,False,False,False,False,False,False,False,False,False,False,False,False,False,False,False,False,False,False,False,False,False,False,False,1,False
355064,0,0,1,0,90000.0,314100.0,15241.5,225000.0,0.0196889999999999,14549,,-1302.0,-4794,,1,0,0,1,0,0,1.0,2,2,16,0,0,0,0,0,0,,0.6160943601253089,,,,,,,,,,,,,,,,,,,,,,,,,,,,,,,,,,,,,,,,,,,,,1.0,1.0,1.0,1.0,0.0,0,0,0,0,1,0,0,0,0,0,0,0,0,0,0,0,0,0,0,0,,,,,,,True,False,False,False,False,False,False,False,True,False,False,True,False,False,False,False,False,False,False,False,True,False,False,False,True,False,False,True,False,False,False,False,False,False,False,False,False,False,False,False,False,False,False,False,False,False,False,False,False,False,False,False,False,False,True,False,False,False,False,False,False,False,False,False,False,False,False,False,False,False,False,False,False,False,False,False,False,False,False,False,False,False,False,False,False,False,False,False,False,False,False,False,False,False,False,False,False,False,False,False,False,False,False,False,False,False,False,False,False,False,False,False,False,False,True,False,False,False,False,False,False,False,False,False,False,False,False,False,False,True,False,0,True
341225,0,0,0,0,157500.0,733315.5,40945.5,679500.0,0.02461,14135,-526.0,-8212.0,-4487,,1,1,1,1,0,0,1.0,2,2,16,0,0,0,0,0,0,0.2819872150834946,0.5032601071079322,0.6006575372857061,0.3258,0.2469,0.9851,0.7959999999999999,0.2159,0.36,0.3103,0.3333,0.375,0.2519,,0.3475,,0.0415,0.3319,0.2563,0.9851,0.804,0.2179,0.3625,0.3103,0.3333,0.375,0.2577,,0.362,,0.0439,0.3289,0.2469,0.9851,0.7987,0.2173,0.36,0.3103,0.3333,0.375,0.2563,,0.3537,,0.0424,0.2823,1.0,1.0,1.0,1.0,-1909.0,0,1,0,0,0,0,0,0,0,0,0,0,0,0,0,0,0,0,0,0,0.0,0.0,0.0,11.0,0.0,0.0,False,True,False,False,False,False,False,False,True,False,False,False,False,False,False,True,False,True,False,False,False,False,False,False,True,False,False,False,True,False,False,False,False,False,False,False,False,False,False,False,False,False,True,False,False,False,False,False,False,False,False,False,False,False,True,False,False,False,False,False,False,False,True,False,False,False,False,False,False,False,False,False,False,False,False,False,False,False,False,False,False,False,False,False,False,False,False,False,False,False,False,False,False,False,False,False,False,False,False,False,False,False,False,False,False,False,False,False,False,False,False,False,False,False,False,False,False,True,False,True,False,False,False,False,False,False,False,True,False,True,False,0,False
316396,0,0,1,0,225000.0,916470.0,26928.0,765000.0,0.0038179999999999,20652,-500.0,-5969.0,-541,,1,1,0,1,0,0,1.0,2,2,4,0,0,0,0,0,0,,0.5061900930677599,,,,,,,,,,,,,,,,,,,,,,,,,,,,,,,,,,,,,,,,,,,,,3.0,0.0,3.0,0.0,-780.0,0,1,0,0,0,0,0,0,0,0,0,0,0,0,0,0,0,0,0,0,0.0,0.0,0.0,0.0,2.0,5.0,True,False,False,False,False,False,False,False,True,False,False,False,False,False,False,True,False,False,False,False,True,False,False,False,True,False,False,True,False,False,False,False,False,False,False,False,False,False,False,False,False,False,False,False,False,False,True,False,False,False,False,False,False,False,True,False,False,False,False,False,False,False,True,False,False,False,False,False,False,False,False,False,False,False,False,False,False,False,False,False,False,False,False,False,False,False,False,False,False,False,False,False,False,False,False,False,False,False,False,False,False,False,False,False,False,False,False,False,False,False,False,False,False,False,False,False,False,False,False,False,False,False,False,False,False,False,False,False,False,False,False,0,False
130316,0,1,1,0,225000.0,1078200.0,31653.0,900000.0,0.018801,15701,-3481.0,-2889.0,-4275,5.0,1,1,1,1,0,0,2.0,2,2,13,0,0,0,0,0,0,0.8091959463318587,0.5380542803385404,,0.1639,,0.9945,,,0.16,0.069,0.6667,,,,0.2406,,0.0788,0.1669999999999999,,0.9945,,,0.1611,0.069,0.6667,,,,0.2507,,0.0834,0.1655,,0.9945,,,0.16,0.069,0.6667,,,,0.245,,0.0805,0.2564,0.0,0.0,0.0,0.0,-2278.0,0,1,0,0,0,0,0,0,0,0,0,0,0,0,0,0,0,0,0,0,0.0,0.0,0.0,0.0,0.0,2.0,True,False,False,False,False,False,False,False,True,False,True,False,False,False,False,False,False,True,False,False,False,False,True,False,False,False,False,True,False,False,False,False,False,False,False,False,False,False,True,False,False,False,False,False,False,False,False,False,False,False,False,False,False,False,False,True,False,False,False,False,False,False,True,False,False,False,False,False,False,False,False,False,False,False,False,False,False,False,False,False,False,False,False,False,False,False,False,False,False,False,False,False,False,False,False,False,False,False,False,False,False,False,False,False,False,False,False,False,False,False,False,False,False,False,False,False,False,False,False,True,False,False,False,False,False,False,False,False,False,True,False,0,False
109467,0,0,1,1,562500.0,270000.0,25245.0,270000.0,0.072508,10815,-4248.0,-5211.0,-3458,,1,1,1,1,0,0,3.0,1,1,16,0,0,0,0,0,0,,0.7454628806819251,0.7675231046555077,0.3938,0.2063,0.9826,0.762,0.0598,0.64,0.2759,0.4583,0.5,0.0,0.3211,0.4005,0.0,0.0011,0.4013,0.2141,0.9826,0.7713,0.0603,0.6445,0.2759,0.4583,0.5,0.0,0.3508,0.4173,0.0,0.0011,0.3976,0.2063,0.9826,0.7652,0.0602,0.64,0.2759,0.4583,0.5,0.0,0.3266,0.4077,0.0,0.0011,0.348,0.0,0.0,0.0,0.0,-1325.0,0,0,0,0,0,0,0,0,0,0,0,0,0,0,0,0,0,0,0,0,0.0,0.0,0.0,0.0,0.0,0.0,False,True,False,False,False,False,False,False,True,False,True,False,False,False,False,False,False,True,False,False,False,False,True,False,False,False,False,True,False,False,False,False,False,False,False,True,False,False,False,False,False,False,False,False,False,False,False,False,False,False,True,False,False,False,False,False,False,False,False,False,False,False,False,False,False,False,False,False,False,False,False,False,False,False,False,False,False,False,False,False,False,False,False,False,False,False,False,False,False,False,False,False,False,False,False,False,False,False,False,False,False,False,False,True,False,False,False,False,False,False,False,False,False,False,False,False,False,True,False,True,False,False,False,False,False,False,True,False,False,True,False,0,False
223667,0,0,0,0,202500.0,810000.0,23683.5,810000.0,0.028663,13421,-4200.0,-4151.0,-1990,,1,1,1,1,1,0,2.0,2,2,19,0,0,0,0,0,0,0.6085681260642803,0.4396909324248586,0.5567274263630174,,,,,,,,,,,,,,,,,,,,,,,,,,,,,,,,,,,,,,,,,,,,3.0,0.0,3.0,0.0,-1690.0,0,1,0,0,0,0,0,0,0,0,0,0,0,0,0,0,0,0,0,0,0.0,0.0,0.0,1.0,0.0,4.0,True,False,False,False,False,False,False,False,True,False,False,False,False,False,False,True,False,True,False,False,False,False,True,False,False,False,False,True,False,False,False,False,False,False,False,False,False,False,False,False,False,False,False,False,False,False,False,False,False,False,False,False,False,False,False,False,True,False,False,False,False,False,False,False,False,False,False,False,False,False,False,False,False,False,False,False,False,False,False,False,False,False,False,False,False,False,False,False,False,False,True,False,False,False,False,False,False,False,False,False,False,False,False,False,False,False,False,False,False,False,False,False,False,False,False,False,False,False,False,False,False,False,False,False,False,False,False,False,False,False,False,0,False
323806,0,0,1,0,112500.0,523152.0,37336.5,463500.0,0.010147,23743,,-13237.0,-4173,,1,0,0,1,0,0,2.0,2,2,15,0,0,0,0,0,0,,0.3111876151015247,0.6894791426446275,0.0186,,0.9816,,,0.0,0.1034,0.0417,,0.0102,,0.0171,,0.0061,0.0189,,0.9816,,,0.0,0.1034,0.0417,,0.0104,,0.0178,,0.0065,0.0187,,0.9816,,,0.0,0.1034,0.0417,,0.0104,,0.0174,,0.0062,0.0134,0.0,0.0,0.0,0.0,0.0,0,1,0,0,0,0,0,0,0,0,0,0,0,0,0,0,0,0,0,0,0.0,0.0,0.0,0.0,1.0,5.0,True,False,False,False,False,False,False,False,True,False,False,True,False,False,False,False,False,False,False,False,True,False,True,False,False,False,False,True,False,False,False,False,False,False,False,False,False,False,False,False,False,False,False,False,False,False,False,False,False,False,True,False,False,False,False,False,False,False,False,False,False,False,False,False,False,False,False,False,False,False,False,False,False,False,False,False,False,False,False,False,False,False,False,False,False,False,False,False,False,False,False,False,False,False,False,False,False,False,False,False,False,False,False,False,False,False,False,False,False,False,False,False,False,False,True,False,False,False,False,True,False,False,False,False,False,False,False,True,False,True,False,0,True
280287,0,0,0,1,202500.0,640080.0,29970.0,450000.0,0.018634,12895,-4943.0,-874.0,-4615,,1,1,0,1,0,0,3.0,2,2,10,0,0,0,0,0,0,,0.4857590063686145,0.6940926425266661,0.0732,0.0148,0.9796,0.7212,0.0284,0.0,0.1379,0.1667,0.0417,0.0358,0.0588,0.0629,0.0039,0.0066,0.0746,0.0153,0.9796,0.7321,0.0287,0.0,0.1379,0.1667,0.0417,0.0366,0.0643,0.0656,0.0039,0.0069,0.0739,0.0148,0.9796,0.7249,0.0286,0.0,0.1379,0.1667,0.0417,0.0364,0.0599,0.0641,0.0039,0.0067,0.0495,0.0,0.0,0.0,0.0,-1689.0,0,1,0,0,0,0,0,0,0,0,0,0,0,0,0,0,0,0,0,0,0.0,0.0,0.0,0.0,0.0,0.0,False,True,False,False,False,False,False,False,True,False,False,False,False,False,False,True,False,False,False,False,True,False,True,False,False,False,False,True,False,False,False,False,False,False,False,False,False,False,False,False,True,False,False,False,False,False,False,False,False,False,True,False,False,False,False,False,False,False,False,False,False,False,False,False,False,False,False,False,False,False,False,False,False,False,False,False,False,False,False,False,False,False,False,False,False,False,False,False,False,False,False,False,False,False,False,False,False,False,False,False,False,False,False,False,False,False,False,False,False,False,True,False,False,False,False,False,False,True,False,True,False,False,False,False,False,False,False,True,False,True,False,1,False
321620,0,0,0,0,67500.0,490536.0,15003.0,405000.0,0.009175,22499,,-12240.0,-4400,,1,0,0,1,1,0,2.0,2,2,12,0,0,0,0,0,0,,0.7609899766549443,0.3944954053123993,0.1856,0.1678,0.9836,,,0.2,0.1724,0.3333,,0.1512,,0.2155,,0.0081,0.1891,0.1741,0.9836,,,0.2014,0.1724,0.3333,,0.1547,,0.2245,,0.0086,0.1874,0.1678,0.9836,,,0.2,0.1724,0.3333,,0.1539,,0.2194,,0.0083,0.1932,1.0,0.0,1.0,0.0,-2.0,0,0,0,0,1,0,0,0,0,0,0,0,0,0,0,0,0,0,0,0,0.0,0.0,0.0,0.0,0.0,0.0,True,False,False,False,False,False,False,False,True,False,False,True,False,False,False,False,False,False,False,False,True,False,True,False,False,False,False,True,False,False,False,False,False,False,False,False,False,False,False,False,False,False,False,False,False,False,False,False,False,False,False,False,False,False,True,False,False,False,False,False,False,False,False,False,False,False,False,False,False,False,False,False,False,False,False,False,False,False,False,False,False,False,False,False,False,False,False,False,False,False,False,False,False,False,False,False,False,False,False,False,False,False,False,False,False,False,False,False,False,False,False,False,False,False,True,False,False,False,False,True,False,False,False,False,False,False,False,True,False,True,False,0,True
379146,0,1,1,0,112500.0,585000.0,24786.0,585000.0,0.018634,12690,-231.0,-5508.0,-872,38.0,1,1,1,1,0,0,2.0,2,2,9,0,0,0,0,1,1,,0.5394236672981013,0.5370699579791587,,,,,,,,,,,,,,,,,,,,,,,,,,,,,,,,,,,,,,,,,,,,0.0,0.0,0.0,0.0,-2072.0,0,1,0,0,0,0,0,0,0,0,0,0,0,0,0,0,0,0,0,0,0.0,0.0,0.0,0.0,0.0,0.0,True,False,False,True,False,False,False,False,False,False,False,False,False,False,False,True,False,False,False,False,True,False,True,False,False,False,False,True,False,False,False,False,False,False,False,False,False,False,False,False,False,False,False,False,False,False,True,False,False,False,False,False,False,False,True,False,False,False,False,False,False,False,False,False,False,False,False,False,False,False,False,False,False,False,False,False,False,False,False,False,False,False,False,False,False,False,False,False,False,False,False,False,False,False,False,False,False,False,False,True,False,False,False,False,False,False,False,False,False,False,False,False,False,False,False,False,False,False,False,False,False,False,False,False,False,False,False,False,False,False,False,0,False
212915,1,0,1,0,157500.0,405000.0,20250.0,405000.0,0.007305,15149,-8472.0,-2383.0,-4865,,1,1,1,1,1,0,2.0,3,3,10,0,0,0,0,0,0,0.6816600962521668,0.3311880555532257,0.266456808245056,,,,,,,,,,,,,,,,,,,,,,,,,,,,,,,,,,,,,,,,,,,,1.0,1.0,1.0,1.0,-1481.0,0,0,0,0,0,0,0,0,0,0,0,0,0,0,0,0,0,0,0,0,0.0,0.0,0.0,0.0,0.0,0.0,True,False,False,False,False,False,False,False,True,False,False,False,False,False,False,True,False,True,False,False,False,False,True,False,False,False,False,True,False,False,False,False,False,False,False,False,False,False,False,False,False,False,False,True,False,False,False,False,False,False,False,True,False,False,False,False,False,False,False,False,False,False,False,False,False,False,False,False,False,False,False,False,False,False,False,False,False,False,False,False,False,False,False,False,False,False,False,True,False,False,False,False,False,False,False,False,False,False,False,False,False,False,False,False,False,False,False,False,False,False,False,False,False,False,False,False,False,False,False,False,False,False,False,False,False,False,False,False,False,False,False,0,False
354669,0,0,1,0,675000.0,1305000.0,55291.5,1305000.0,0.018634,14834,-1260.0,-371.0,-4347,,1,1,1,1,0,0,1.0,2,2,13,0,0,0,0,0,0,0.8028933723273193,0.4690823500561954,0.5406544504453575,0.0289,,,0.9524,0.0256,0.04,0.0345,0.2083,0.0417,,0.021,0.0711,0.0116,0.0295,0.0294,,,0.9543,0.0259,0.0403,0.0345,0.2083,0.0417,,0.023,0.0741,0.0117,0.0313,0.0291,,,0.953,0.0258,0.04,0.0345,0.2083,0.0417,,0.0214,0.0724,0.0116,0.0302,0.0764,0.0,0.0,0.0,0.0,-426.0,0,0,0,0,0,0,1,0,0,0,0,0,0,0,0,0,0,0,0,0,0.0,0.0,0.0,2.0,0.0,0.0,True,False,False,False,False,False,False,False,True,False,True,False,False,False,False,False,False,True,False,False,False,False,False,True,False,False,False,True,False,False,False,False,False,False,False,False,False,False,False,False,False,False,True,False,False,False,False,False,False,False,False,False,False,False,False,False,True,False,False,False,False,False,False,False,False,False,False,False,False,False,False,False,False,False,False,False,False,False,False,False,False,False,False,True,False,False,False,False,False,False,False,False,False,False,False,False,False,False,False,False,False,False,False,False,False,False,False,False,False,False,False,False,False,False,False,False,True,False,False,True,False,False,False,False,False,False,False,True,False,True,False,0,False
118458,0,0,1,0,112500.0,203760.0,13617.0,180000.0,0.010276,9952,-354.0,-4261.0,-2607,,1,1,0,1,0,0,1.0,2,2,14,0,0,0,0,0,0,,0.7668892259229388,,0.074,0.0318,0.9806,0.7484,0.0085,0.01,0.1121,0.2083,0.25,0.0593,0.0599,0.0655,0.0019,0.0044,0.0725,0.0,0.9757,0.6798,0.0085,0.0,0.1379,0.1667,0.2083,0.0375,0.0624,0.0623,0.0,0.0,0.0734,0.0273,0.9796,0.7451,0.0085,0.0,0.1379,0.1667,0.2083,0.0593,0.0603,0.0645,0.0019,0.0032,0.0491,1.0,0.0,1.0,0.0,-267.0,0,1,0,0,0,0,0,0,0,0,0,0,0,0,0,0,0,0,0,0,,,,,,,False,True,False,False,False,False,False,False,True,False,False,False,False,False,False,True,False,False,False,False,True,False,False,False,True,False,False,True,False,False,False,False,False,False,False,False,False,False,False,False,False,False,False,False,False,False,False,False,False,True,False,True,False,False,False,False,False,False,False,False,False,False,True,False,False,False,False,False,False,False,False,False,False,False,False,False,False,False,False,False,False,False,False,False,False,False,False,False,False,False,False,False,False,False,False,False,False,False,False,False,False,False,False,False,False,False,False,False,False,False,False,False,False,False,False,False,False,True,False,True,False,False,False,False,False,False,False,True,False,True,False,0,False
433688,0,1,0,2,225000.0,997335.0,32301.0,832500.0,0.018029,14048,-3079.0,-5703.0,-4392,24.0,1,1,0,1,0,0,4.0,3,3,6,0,0,0,0,0,0,,0.5835753549364561,0.3409064264152384,0.1402,,0.9816,,,0.0,0.0345,0.1667,,,,0.0723,,0.0026,0.1429,,0.9816,,,0.0,0.0345,0.1667,,,,0.0753,,0.0027,0.1416,,0.9816,,,0.0,0.0345,0.1667,,,,0.0736,,0.0026,0.0569,2.0,0.0,2.0,0.0,-2034.0,0,1,0,0,0,0,0,0,0,0,0,0,0,0,0,0,0,0,0,0,0.0,0.0,0.0,0.0,0.0,1.0,False,True,False,False,False,False,False,False,True,False,False,False,False,False,False,True,False,False,False,False,True,False,True,False,False,False,False,True,False,False,False,False,False,False,False,False,False,False,False,False,True,False,False,False,False,False,False,False,False,False,True,False,False,False,False,False,False,False,False,False,False,False,True,False,False,False,False,False,False,False,False,False,False,False,False,False,False,False,False,False,False,False,False,False,False,False,False,False,False,False,False,False,False,False,False,False,False,False,False,False,False,False,False,False,False,False,False,False,False,False,False,False,False,False,False,False,False,False,False,True,False,False,False,False,False,False,True,False,False,True,False,0,False
198356,0,0,0,1,135000.0,358443.0,17563.5,252000.0,0.025164,14363,-316.0,-1023.0,-3016,,1,1,0,1,0,0,3.0,2,2,14,0,0,0,0,0,0,,0.1277239647374161,,0.0605,0.0711,0.9786,0.7076,0.0043,0.0,0.1607,0.0833,0.1108,0.0233,0.0488,0.0579,0.0025,0.0074,0.0126,0.0,0.9772,0.6994,0.0,0.0,0.069,0.0417,0.0417,0.0,0.011,0.012,0.0,0.0,0.0167,0.0361,0.9781,0.7048,0.0,0.0,0.069,0.0417,0.0833,0.0,0.0137,0.0153,0.0,0.0059,0.0188,3.0,0.0,3.0,0.0,-263.0,0,1,0,0,0,0,0,0,0,0,0,0,0,0,0,0,0,0,0,0,,,,,,,False,True,False,False,False,False,False,True,False,False,True,False,False,False,False,False,False,False,False,False,True,True,False,False,False,False,False,False,False,False,False,True,False,False,False,False,False,False,False,False,False,False,False,False,False,False,False,False,False,False,False,False,False,False,True,False,False,False,False,False,False,False,False,False,True,False,False,False,False,False,False,False,False,False,False,False,False,False,False,False,False,False,False,False,False,False,False,False,False,False,False,False,False,False,False,False,False,False,False,False,False,False,False,False,False,False,False,False,False,False,False,False,False,False,False,False,False,True,False,True,False,False,False,False,False,False,False,True,False,True,False,1,False
184860,0,1,1,0,225000.0,971280.0,54364.5,900000.0,0.020713,18868,-11954.0,-8254.0,-2268,13.0,1,1,0,1,1,0,2.0,3,3,9,0,0,0,0,0,0,,0.6040578257332085,0.6397075677637197,0.0907,,,,,,0.2069,0.1667,,,,0.0829,,,0.0924,,,,,,0.2069,0.1667,,,,0.0864,,,0.0916,,,,,,0.2069,0.1667,,,,0.0844,,,0.0652,0.0,0.0,0.0,0.0,-1865.0,0,1,0,0,0,0,0,0,0,0,0,0,0,0,0,0,0,0,0,0,0.0,0.0,0.0,0.0,0.0,2.0,True,False,False,False,False,False,False,False,True,False,False,False,False,False,False,True,False,False,True,False,False,False,True,False,False,False,False,True,False,False,False,False,False,False,False,False,False,False,False,False,False,False,True,False,False,False,False,False,False,False,False,False,False,False,True,False,False,False,False,False,False,False,True,False,False,False,False,False,False,False,False,False,False,False,False,False,False,False,False,False,False,False,False,False,False,False,False,False,False,False,False,False,False,False,False,False,False,False,False,False,False,False,False,False,False,False,False,False,False,False,False,False,False,False,False,False,False,False,False,True,False,False,False,False,False,False,True,False,False,True,False,0,False
319388,1,0,1,0,315000.0,180000.0,9000.0,180000.0,0.006629,8959,-404.0,-3573.0,-760,,1,1,1,1,1,0,2.0,2,2,6,0,0,0,1,1,0,0.1894084411004572,0.661216084063734,0.41534714488434,,,,,,,,,,,,,,,,,,,,,,,,,,,,,,,,,,,,,,,,,,,,0.0,0.0,0.0,0.0,0.0,0,0,0,0,0,0,0,0,0,0,0,0,0,0,0,0,0,0,0,0,0.0,0.0,0.0,0.0,0.0,0.0,True,False,False,False,False,False,False,False,True,False,True,False,False,False,False,False,False,False,True,False,False,True,False,False,False,False,False,False,False,False,True,False,False,False,False,False,False,False,False,False,False,False,False,False,False,False,True,False,False,False,False,True,False,False,False,False,False,False,False,False,False,False,False,False,False,False,False,False,False,False,False,False,False,False,False,False,False,False,False,False,False,False,False,False,False,False,False,False,False,False,False,False,False,False,False,False,False,False,False,True,False,False,False,False,False,False,False,False,False,False,False,False,False,False,False,False,False,False,False,False,False,False,False,False,False,False,False,False,False,False,False,0,False
368999,1,0,1,0,157500.0,450000.0,22500.0,450000.0,0.0145199999999999,20887,,-13020.0,-3723,,1,0,0,1,0,0,2.0,2,2,10,0,0,0,0,0,0,,0.3411229075988826,0.5744466170995097,0.1067,0.0752,0.9821,0.7552,0.013,0.04,0.1379,0.25,0.2917,0.0873,0.0866,0.0864,0.0019,0.0101,0.0777,0.0547,0.9816,0.7583,0.0117,0.0,0.069,0.1667,0.2083,0.065,0.068,0.0808,0.0,0.0,0.1077,0.0752,0.9821,0.7585,0.013,0.04,0.1379,0.25,0.2917,0.0889,0.0881,0.0879,0.0019,0.0103,0.061,,,,,-780.0,0,0,0,0,0,0,0,0,0,0,0,0,0,0,0,0,0,0,0,0,0.0,0.0,0.0,0.0,0.0,2.0,True,False,False,False,False,False,False,False,True,False,False,True,False,False,False,False,False,False,False,False,True,False,True,False,False,False,False,True,False,False,False,False,False,False,False,False,False,False,False,False,False,False,False,False,False,False,False,False,False,False,False,False,False,False,False,False,True,False,False,False,False,False,False,False,False,False,False,False,False,False,False,False,False,False,False,False,False,False,False,False,False,False,False,False,False,False,False,False,False,False,False,False,False,False,False,False,False,False,False,False,False,False,False,False,False,False,False,False,False,False,False,False,False,False,True,False,False,True,False,True,False,False,False,False,False,False,True,False,False,True,False,0,True
305295,0,0,0,0,180000.0,1971072.0,68512.5,1800000.0,0.0116569999999999,14781,-2443.0,-8908.0,-4949,,1,1,0,1,1,0,2.0,1,1,21,0,1,1,0,1,1,0.7308375469517353,0.6568181515380304,0.3927738606031339,0.05,0.0757,0.9791,0.7144,0.1668,0.0,0.1379,0.1667,0.0417,0.0802,0.0391,0.0445,0.0077,0.053,0.0483,0.0722,0.9786,0.7190000000000001,0.1546,0.0,0.1379,0.1667,0.0417,0.0783,0.0404,0.0442,0.0078,0.0423,0.0505,0.0757,0.9791,0.7182,0.1678,0.0,0.1379,0.1667,0.0417,0.0816,0.0398,0.0453,0.0078,0.0541,0.0334,0.0,0.0,0.0,0.0,-1720.0,0,1,0,0,0,0,0,0,0,0,0,0,0,0,0,0,0,0,0,0,0.0,0.0,0.0,1.0,0.0,0.0,False,True,False,False,False,False,False,False,True,False,True,False,False,False,False,False,False,False,False,False,True,False,True,False,False,False,False,False,True,False,False,False,False,False,False,False,False,False,False,False,True,False,False,False,False,False,False,False,False,False,False,False,False,True,False,False,False,False,False,False,False,False,True,False,False,False,False,False,False,False,False,False,False,False,False,False,False,False,False,False,False,False,False,False,False,False,False,False,False,False,False,False,False,False,False,False,False,False,False,False,False,False,False,False,False,False,False,False,False,False,False,False,False,False,False,False,False,True,False,True,False,False,False,False,False,False,False,True,False,True,False,0,False
187485,0,0,1,0,225000.0,755190.0,36328.5,675000.0,0.030755,19029,-5146.0,-8747.0,-2546,,1,1,0,1,0,0,2.0,2,2,16,0,0,0,0,0,0,,0.6772889049207736,0.5082869913916046,0.0619,0.0722,0.9881,0.8368,0.0094,0.0,0.1379,0.1667,0.2083,0.0295,0.0504,0.0589,0.0,0.0236,0.063,0.0749,0.9881,0.8432,0.0095,0.0,0.1379,0.1667,0.2083,0.0302,0.0551,0.0614,0.0,0.025,0.0625,0.0722,0.9881,0.8390000000000001,0.0095,0.0,0.1379,0.1667,0.2083,0.0301,0.0513,0.06,0.0,0.0241,0.076,0.0,0.0,0.0,0.0,-2864.0,0,1,0,0,0,0,0,0,0,0,0,0,0,0,0,0,0,0,0,0,0.0,0.0,0.0,0.0,0.0,7.0,False,True,False,False,False,False,False,False,True,False,False,False,False,False,False,True,False,False,False,False,True,False,True,False,False,False,False,True,False,False,False,False,False,False,False,False,False,False,False,False,False,False,False,False,False,False,True,False,False,False,False,False,False,False,False,True,False,False,False,False,False,False,True,False,False,False,False,False,False,False,False,False,False,False,False,False,False,False,False,False,False,False,False,False,False,False,False,False,False,False,False,False,False,False,False,False,False,False,False,False,False,False,False,False,False,False,False,False,False,False,False,False,False,False,False,False,False,True,False,True,False,False,False,False,False,False,True,False,False,True,False,0,False
